{"cameraMode":{"drawMode":0,"name":"Shaded","section":"Shading Mode"},"sceneLighting":true,"audioPlay":false,"sceneViewState":{"showFog":false,"showMaterialUpdate":true,"showSkybox":true,"showFlares":true,"showImageEffects":true,"showParticleSystems":true},"in2DMode":false,"pivot":{"x":368.1458740234375,"y":-19.0689697265625,"z":378.2665100097656},"rotation":{"x":0.015488333068788052,"y":-0.953374981880188,"z":0.2983357310295105,"w":0.04727382957935333},"size":192.10147094726563,"orthographic":false}