{"cameraMode":{"drawMode":0,"name":"Shaded","section":"Shading Mode"},"sceneLighting":false,"audioPlay":false,"sceneViewState":{"showFog":false,"showMaterialUpdate":true,"showSkybox":false,"showFlares":true,"showImageEffects":true,"showParticleSystems":true},"in2DMode":false,"pivot":{"x":381.70001220703127,"y":13.5,"z":445.79998779296877},"rotation":{"x":0.08187683671712876,"y":-0.9139143228530884,"z":0.3270443081855774,"w":0.2268909066915512},"size":40.41658401489258,"orthographic":false}