{"cameraMode":{"drawMode":0,"name":"Shaded","section":"Shading Mode"},"sceneLighting":true,"audioPlay":false,"sceneViewState":{"showFog":false,"showMaterialUpdate":true,"showSkybox":true,"showFlares":true,"showImageEffects":true,"showParticleSystems":true},"in2DMode":false,"pivot":{"x":426.6136474609375,"y":128.0819549560547,"z":-4.220947265625},"rotation":{"x":-0.03629861772060394,"y":-0.01289367489516735,"z":0.0004684011801145971,"w":-0.9992577433586121},"size":531.475830078125,"orthographic":false}