{"cameraMode":{"drawMode":0,"name":"Shaded","section":"Shading Mode"},"sceneLighting":true,"audioPlay":false,"sceneViewState":{"showFog":false,"showMaterialUpdate":true,"showSkybox":true,"showFlares":true,"showImageEffects":true,"showParticleSystems":true},"in2DMode":false,"pivot":{"x":1109.8011474609375,"y":539.998779296875,"z":20.450927734375},"rotation":{"x":0.05876598134636879,"y":0.0179635938256979,"z":-0.0010573507752269507,"w":0.9981113076210022},"size":1587.002197265625,"orthographic":false}