{"cameraMode":{"drawMode":0,"name":"Shaded","section":"Shading Mode"},"sceneLighting":true,"audioPlay":false,"sceneViewState":{"showFog":false,"showMaterialUpdate":true,"showSkybox":true,"showFlares":true,"showImageEffects":true,"showParticleSystems":true},"in2DMode":false,"pivot":{"x":425.7553405761719,"y":-38.005279541015628,"z":395.5066223144531},"rotation":{"x":0.02365676686167717,"y":-0.9221696257591248,"z":0.3825905919075012,"w":0.05539046227931976},"size":279.91424560546877,"orthographic":false}