{"cameraMode":{"drawMode":0,"name":"Shaded","section":"Shading Mode"},"sceneLighting":true,"audioPlay":false,"sceneViewState":{"showFog":false,"showMaterialUpdate":true,"showSkybox":true,"showFlares":true,"showImageEffects":true,"showParticleSystems":true},"in2DMode":false,"pivot":{"x":430.37957763671877,"y":8.07391357421875,"z":404.1833190917969},"rotation":{"x":0.06587889790534973,"y":-0.9350808262825012,"z":0.24835877120494843,"w":0.24498401582241059},"size":159.25839233398438,"orthographic":false}