{"cameraMode":{"drawMode":0,"name":"Shaded","section":"Shading Mode"},"sceneLighting":true,"audioPlay":false,"sceneViewState":{"showFog":false,"showMaterialUpdate":true,"showSkybox":true,"showFlares":true,"showImageEffects":true,"showParticleSystems":true},"in2DMode":false,"pivot":{"x":728.0094604492188,"y":265.7369384765625,"z":844.5009155273438},"rotation":{"x":0.08528976142406464,"y":-0.9088745713233948,"z":0.22535893321037293,"w":0.3409579396247864},"size":3.8516080379486086,"orthographic":false}