{"cameraMode":{"drawMode":0,"name":"Shaded","section":"Shading Mode"},"sceneLighting":true,"audioPlay":false,"sceneViewState":{"showFog":false,"showMaterialUpdate":true,"showSkybox":true,"showFlares":true,"showImageEffects":true,"showParticleSystems":true},"in2DMode":false,"pivot":{"x":430.37957763671877,"y":8.07391357421875,"z":404.1833190917969},"rotation":{"x":0.057565703988075259,"y":-0.9425959587097168,"z":0.25190338492393496,"w":0.2125045657157898},"size":159.25839233398438,"orthographic":false}