{"cameraMode":{"drawMode":0,"name":"Shaded","section":"Shading Mode"},"sceneLighting":false,"audioPlay":false,"sceneViewState":{"showFog":false,"showMaterialUpdate":true,"showSkybox":false,"showFlares":true,"showImageEffects":true,"showParticleSystems":true},"in2DMode":false,"pivot":{"x":959.5001220703125,"y":997.0538330078125,"z":0.0},"rotation":{"x":0.35372334718704226,"y":-0.034774333238601688,"z":0.013160956092178822,"w":0.9346133470535278},"size":1947.1297607421875,"orthographic":false}